Workbook

Sheet سەرەتا
B1: پسپۆری | C1: ساڵی خوێندن | D1: چاڵاکی مانگی | F1: سەرۆک بەش
B2: کۆمپیوتەر | C2: ٢٠٢٥-٢٠٢٦ | D2: 6 | F2: خالد ابراهیم
A4: # | B4: ناوی سەرپەرشتیارەکان: | C4: زنجیرە | D4: ژمارەی قوتابخانەکانی
A5: 1 | B5: مظفر حيدر مولود | C5: 100 | D5: 5
A6: 2 | B6: عبدالصمد محمد على | C6: 101 | D6: 4
A7: 3 | B7: خالد ابراهيم رحيم | C7: 102 | D7: 3
A8: 5 | B8: بەرخەوان عثمان امين | C8: 103 | D8: 5

Sheet س١
A1: بەڕێوەبەرایەتی دڵنیایی جۆری و سەرپەرشتیکردنی پەروەردەیی هەولێر
A2: یەکەی دڵنیایی جۆریی وسەرپەرشتیکردنی پەروەردەیی هەولێر
A3: مانگی | B3: =سەرەتا!D2 -> 6 | C3: ساڵی | D3: =سەرەتا!C2 -> ٢٠٢٥-٢٠٢٦ | E3: خشتەی کارو چالاکی مانگانە | H3: زنجیرە | I3: =سەرەتا!C5 -> 100
A4: ڕۆژ | B4: ڕێکەوت | C4: کورتەی کارو چالاکی ئەنجامدراو
A5: یەکشەم | B5: 46054 | C5: ئامادەبوون لە فەرمانگە
A6: دووشەم | B6: 46055 | C6: پشوو
A7: سێشەم | B7: 46056 | C7: پشوو
A8: چوارشەم | B8: 46057 | C8: سەرپەرشتیاری قوتابخانە : قارەمانی بنەرەتی
A9: پێنج شەم | B9: 46058 | C9: سەرپەرشتیاری قوتابخانە : پێشەوای بنەرەتی
A10: هەینی | B10: 46059 | C10: سەرپەرشتیاری قوتابخانە : دانا بنەرەتی
A11: شەممە | B11: 46060 | C11: ئامادەبوون لە فەرمانگە
A12: یەکشەم | B12: 46061 | C12: پشوو
A13: دووشەم | B13: 46062 | C13: پشوو
A14: سێشەم | B14: 46063 | C14: پشوو
A15: چوارشەم | B15: 46064 | C15: سەرپەرشتیاری قوتابخانە : پیشەسازی کوران
A16: پێنج شەم | B16: 46065 | C16: سەرپەرشتیاری قوتابخانە : پیشەسازی کچان
... A32: شەممە | B32: 46081 | C32: ئامادەبوون لە فەرمانگە
A33: ژمارەى ئەو قوتابخانانەى لە ئەستۆیەتى | D33: ژمارەى ئەو قوتابخانانەى لە پلاندان بۆ سەردانیکردن لەم مانگە | G33: ژمارەى قوتابخانەکانى سەردانى کردوە لەم مانگە
A34: سەرپەرشتیاری پەروەردەیی | B34: هەلسەنگاندنی دەرەکی | C34: کۆ | D34: سەرپەرشتیاری پەروەردەیی | E34: هەلسەنگاندنی دەرەکی | F34: کۆ | G34: سەرپەرشتیاری پەروەردەیی | H34: هەلسەنگاندنی دەرەکی | I34: هەر سەردانێکی تری فەرمی | K34: کۆ
A35: 5 | B35: 0 | C35: =B35+A35 -> 5 | D35: 5 | E35: 0 | F35: =E35+D35 -> 5 | G35: 5 | H35: 0 | K35: =I35+H35+G35 -> 5
A36: ژمارەی کۆبونەوەکانی بەشداریکردوە | E36: ژمارەی کۆبونەوەکانی ئەنجامی داوە | J36: ژمارەی لیژنەکانی بەشداریکردووە
A37: ژمارەی لێکۆڵینەوەکانی کە بەشداریکردووە | E37: ژمارەی ئەو وانە مەشقی و ڕاهێنانی کە خۆی ئەنجامی داوە | J37: ژمارەی ئەو کۆرو سمیناری کە خۆی ئەنجامی داوە
E38: ژمارەی بەشداریکردنی لە کۆبونەوەی دایبابان | J38: ژمارەی ئامادەبوونی لە وانەی مامۆستایی ڕاهێنەر
A39: ژمارەی ڕاپۆرتەکانی لەسەر پرۆگرام و پرۆسەی پەروەردە | E39: ژمارەی یاداشتەکانی | J39: ژمارەی چالاکی جۆراو جۆری کە ئەنجامی داوە
A41: ناوی سەرپەرشتیار: | B41: =سەرەتا!B5 -> مظفر حيدر مولود | E41: بەروار | H41: واژوو

Sheet س٢
A1: بەڕێوەبەرایەتی دڵنیایی جۆری و سەرپەرشتیکردنی پەروەردەیی هەولێر
A2: یەکەی دڵنیایی جۆریی وسەرپەرشتیکردنی پەروەردەیی هەولێر
A3: مانگی | B3: =سەرەتا!D2 -> 6 | C3: ساڵی | D3: =سەرەتا!C2 -> ٢٠٢٥-٢٠٢٦ | E3: خشتەی کارو چالاکی مانگانە | H3: زنجیرە | I3: =سەرەتا!C6 -> 101
A4: ڕۆژ | B4: ڕێکەوت | C4: کورتەی کارو چالاکی ئەنجامدراو
A5: شەممە | B5: 45717 | C5: پشوو
A6: یەکشەم | B6: 45718 | C6: لێژنەی هەلسەنگاندنی دەرەکی: ئا. ئەحمەدی خانی
A7: دووشەم | B7: 45719 | C7: لێژنەی هەلسەنگاندنی دەرەکی: ئا. ئەحمەدی خانی
A8: سێشەم | B8: 45720 | C8: لێژنەی هەلسەنگاندنی دەرەکی: ئا. ئەحمەدی خانی
A9: چوارشەم | B9: 45721 | C9: پشوو
A10: پێنج شەم | B10: 45722 | C10: ئامادەبوون لە فەرمانگە
A11: هەینی | B11: 45723 | C11: پشوو
A12: شەممە | B12: 45724 | C12: پشوو
A13: یەکشەم | B13: 45725 | C13: ئامادەبوون لە فەرمانگە
A14: دووشەم | B14: 45726 | C14: ئامادەبوون لە فەرمانگە
A15: سێشەم | B15: 45727 | C15: پشوو
A16: چوارشەم | B16: 45728 | C16: ئامادەبوون لە فەرمانگە
... A35: دووشەم | B35: 45747 | C35: ئامادەبوون لە فەرمانگە
A36: ژمارەى ئەو قوتابخانانەى لە ئەستۆیەتى | D36: ژمارەى ئەو قوتابخانانەى لە پلاندان بۆ سەردانیکردن لەم مانگە | G36: ژمارەى قوتابخانەکانى سەردانى کردوە لەم مانگە
A37: سەرپەرشتیاری پەروەردەیی | B37: هەلسەنگاندنی دەرەکی | C37: کۆ | D37: سەرپەرشتیاری پەروەردەیی | E37: هەلسەنگاندنی دەرەکی | F37: کۆ | G37: سەرپەرشتیاری پەروەردەیی | H37: هەلسەنگاندنی دەرەکی | I37: هەر سەردانێکی تری فەرمی | K37: کۆ
A38: 5 | B38: 15 | C38: =B38+A38 -> 20 | D38: 4 | E38: 3 | F38: =E38+D38 -> 7 | G38: 4 | H38: 3 | K38: =I38+H38+G38 -> 7
A39: ژمارەی کۆبونەوەکانی بەشداریکردوە | E39: ژمارەی کۆبونەوەکانی ئەنجامی داوە | J39: ژمارەی لیژنەکانی بەشداریکردووە | L39: 1
A40: ژمارەی لێکۆڵینەوەکانی کە بەشداریکردووە | E40: ژمارەی ئەو وانە مەشقی و ڕاهێنانی کە خۆی ئەنجامی داوە | J40: ژمارەی ئەو کۆرو سمیناری کە خۆی ئەنجامی داوە
E41: ژمارەی بەشداریکردنی لە کۆبونەوەی دایبابان | J41: ژمارەی ئامادەبوونی لە وانەی مامۆستایی ڕاهێنەر
A42: ژمارەی ڕاپۆرتەکانی لەسەر پرۆگرام و پرۆسەی پەروەردە | E42: ژمارەی یاداشتەکانی | J42: ژمارەی چالاکی جۆراو جۆری کە ئەنجامی داوە
A44: ناوی سەرپەرشتیار: | B44: =سەرەتا!B6 -> عبدالصمد محمد على | E44: بەروار | H44: واژوو

Sheet س٣
A1: بەڕێوەبەرایەتی دڵنیایی جۆری و سەرپەرشتیکردنی پەروەردەیی هەولێر
A2: یەکەی دڵنیایی جۆریی وسەرپەرشتیکردنی پەروەردەیی هەولێر
A3: مانگی | B3: =سەرەتا!D2 -> 6 | C3: ساڵی | D3: =سەرەتا!C2 -> ٢٠٢٥-٢٠٢٦ | E3: خشتەی کارو چالاکی مانگانە | H3: زنجیرە | I3: =سەرەتا!C7 -> 102
A4: ڕۆژ | B4: ڕێکەوت | C4: کورتەی کارو چالاکی ئەنجامدراو
A5: چوارشەم | B5: 46113 | C5: پشوو
A6: پێنج شەم | B6: 46114 | C6: ئامادەبوون لە فەرمانگە
A7: هەینی | B7: 46115 | C7: پشوو
A8: شەممە | B8: 46116 | C8: پشوو
A9: یەکشەم | B9: 46117 | C9: سەرپەرشتیاری قوتابخانە : قارەمانی بنەرەتی
A10: دووشەم | B10: 46118 | C10: سەرپەرشتیاری قوتابخانە : پێشەوای بنەرەتی
A11: سێشەم | B11: 46119 | C11: سەرپەرشتیاری قوتابخانە : دانا بنەرەتی
A12: چوارشەم | B12: 46120 | C12: ئامادەبوون لە فەرمانگە
A13: پێنج شەم | B13: 46121 | C13: ئامادەبوون لە فەرمانگە
A14: هەینی | B14: 46122 | C14: پشوو
A15: شەممە | B15: 46123 | C15: پشوو
A16: یەکشەم | B16: 46124 | C16: سەرپەرشتیاری قوتابخانە : پیشەسازی کوران
... A34: پێنج شەم | B34: 46142 | C34: ئامادەبوون لە فەرمانگە
A35: ژمارەى ئەو قوتابخانانەى لە ئەستۆیەتى | D35: ژمارەى ئەو قوتابخانانەى لە پلاندان بۆ سەردانیکردن لەم مانگە | G35: ژمارەى قوتابخانەکانى سەردانى کردوە لەم مانگە
A36: سەرپەرشتیاری پەروەردەیی | B36: هەلسەنگاندنی دەرەکی | C36: کۆ | D36: سەرپەرشتیاری پەروەردەیی | E36: هەلسەنگاندنی دەرەکی | F36: کۆ | G36: سەرپەرشتیاری پەروەردەیی | H36: هەلسەنگاندنی دەرەکی | I36: هەر سەردانێکی تری فەرمی | K36: کۆ
A37: 5 | B37: 0 | C37: =B37+A37 -> 5 | D37: 5 | E37: 0 | F37: =E37+D37 -> 5 | G37: 5 | H37: 0 | K37: =I37+H37+G37 -> 5
A38: ژمارەی کۆبونەوەکانی بەشداریکردوە | E38: ژمارەی کۆبونەوەکانی ئەنجامی داوە | J38: ژمارەی لیژنەکانی بەشداریکردووە | L38: 1
A39: ژمارەی لێکۆڵینەوەکانی کە بەشداریکردووە | E39: ژمارەی ئەو وانە مەشقی و ڕاهێنانی کە خۆی ئەنجامی داوە | J39: ژمارەی ئەو کۆرو سمیناری کە خۆی ئەنجامی داوە
E40: ژمارەی بەشداریکردنی لە کۆبونەوەی دایبابان | J40: ژمارەی ئامادەبوونی لە وانەی مامۆستایی ڕاهێنەر
A41: ژمارەی ڕاپۆرتەکانی لەسەر پرۆگرام و پرۆسەی پەروەردە | E41: ژمارەی یاداشتەکانی | J41: ژمارەی چالاکی جۆراو جۆری کە ئەنجامی داوە
A43: ناوی سەرپەرشتیار: | B43: =سەرەتا!B7 -> خالد ابراهيم رحيم | E43: بەروار | H43: واژوو

Sheet س٤
A1: بەڕێوەبەرایەتی دڵنیایی جۆری و سەرپەرشتیکردنی پەروەردەیی هەولێر
A2: یەکەی دڵنیایی جۆریی وسەرپەرشتیکردنی پەروەردەیی هەولێر
A3: مانگی | B3: =سەرەتا!D2 -> 6 | C3: ساڵی | D3: =سەرەتا!C2 -> ٢٠٢٥-٢٠٢٦ | E3: خشتەی کارو چالاکی مانگانە | H3: زنجیرە | I3: =سەرەتا!C8 -> 103
A4: ڕۆژ | B4: ڕێکەوت | C4: کورتەی کارو چالاکی ئەنجامدراو
A5: شەممە | B5: 45689 | C5: ئامادەبوون لە فەرمانگە
A6: یەکشەم | B6: 45690 | C6: لێژنەی هەلسەنگاندنی دەرەکی: نۆڤای بنەرەتی
A7: دووشەم | B7: 45691 | C7: لێژنەی هەلسەنگاندنی دەرەکی: نۆڤای بنەرەتی
A8: سێشەم | B8: 45692 | C8: لێژنەی هەلسەنگاندنی دەرەکی: نۆڤای بنەرەتی
A9: چوارشەم | B9: 45693 | C9: لێژنەی هەلسەنگاندنی دەرەکی: نۆڤا باخچە
A10: پێنج شەم | B10: 45694 | C10: ئامادەبوون لە فەرمانگە
A11: هەینی | B11: 45695 | C11: پشوو
A12: شەممە | B12: 45696 | C12: پشوو
A13: یەکشەم | B13: 45697 | C13: لێژنەی هەلسەنگاندنی دەرەکی: خانەقینی بنەرەتی
A14: دووشەم | B14: 45698 | C14: لێژنەی هەلسەنگاندنی دەرەکی: خانەقینی بنەرەتی
A15: سێشەم | B15: 45699 | C15: لێژنەی هەلسەنگاندنی دەرەکی: خانەقینی بنەرەتی
A16: چوارشەم | B16: 45700 | C16: ئامادەبوون لە فەرمانگە
... A32: هەینی | B32: 45716 | C32: پشوو
A33: ژمارەى ئەو قوتابخانانەى لە ئەستۆیەتى | D33: ژمارەى ئەو قوتابخانانەى لە پلاندان بۆ سەردانیکردن لەم مانگە | G33: ژمارەى قوتابخانەکانى سەردانى کردوە لەم مانگە
A34: سەرپەرشتیاری پەروەردەیی | B34: هەلسەنگاندنی دەرەکی | C34: کۆ | D34: سەرپەرشتیاری پەروەردەیی | E34: هەلسەنگاندنی دەرەکی | F34: کۆ | G34: سەرپەرشتیاری پەروەردەیی | H34: هەلسەنگاندنی دەرەکی | I34: هەر سەردانێکی تری فەرمی | K34: کۆ
A35: 5 | B35: 15 | C35: =B35+A35 -> 20 | D35: 4 | E35: 3 | F35: =E35+D35 -> 7 | G35: 4 | H35: 3 | K35: =I35+H35+G35 -> 7
A36: ژمارەی کۆبونەوەکانی بەشداریکردوە | E36: ژمارەی کۆبونەوەکانی ئەنجامی داوە | J36: ژمارەی لیژنەکانی بەشداریکردووە | L36: 1
A37: ژمارەی لێکۆڵینەوەکانی کە بەشداریکردووە | E37: ژمارەی ئەو وانە مەشقی و ڕاهێنانی کە خۆی ئەنجامی داوە | J37: ژمارەی ئەو کۆرو سمیناری کە خۆی ئەنجامی داوە
E38: ژمارەی بەشداریکردنی لە کۆبونەوەی دایبابان | J38: ژمارەی ئامادەبوونی لە وانەی مامۆستایی ڕاهێنەر
A39: ژمارەی ڕاپۆرتەکانی لەسەر پرۆگرام و پرۆسەی پەروەردە | E39: ژمارەی یاداشتەکانی | J39: ژمارەی چالاکی جۆراو جۆری کە ئەنجامی داوە
A41: ناوی سەرپەرشتیار: | B41: =سەرەتا!B8 -> بەرخەوان عثمان امين | E41: بەروار | H41: واژوو

Sheet پوختە
A1: یەكەی دڵنیایی جۆری سەرپەرشتیكردنی پەروەردەیی ناوەندی هەولێر
A2: پوختەی ( كاری مانگانە / چاڵاكی مانگانە )ی سەرپەرشتیارانی پەروەردەیی / ناوەندی هەولێر مانگی | R2: -2 | S2: ساڵی 2025-2026
A3: ژ | B3: ناوى سەرپەرشتيار | C3: پسپۆرى | D3: سەردانەكان | Q3: چالاكيەكان
D4: ژمارەى ئەو | H4: ژمارەى ئەو قوتابخانانەى | L4: ژمارەى سەردانەكانى | Q4: ژمارەی ئەو ئەو قوتابخانانەی لە ئەستۆیدایە | R4: ژمارەی کۆبونەوەکانى بەشداریکردووە | S4: ژمارەی لێکۆڵینەوەکانی کە بەشداریکردووە | T4: ژمارەی ڕاپۆرتەکانی لەسەر پرۆگرام و پڕۆسەی پەروەردە | U4: ژمارەی قوتابخانەکانی بە پێی پلانی ئەو مانگەی | V4: ژمارەی کۆبونەوەکانی ئەنجامی داوە | W4: ژمارەی ئەو وانە مەشقی و ڕاهێنانی کە خۆی ئەنجامی داوە | X4: ژمارەی بەشداریکردنی کۆبونەوەی داایبابان | Y4: ژمارەی یاداشت | Z4: ژمارەی سەرداناکان بەگشتی بۆ قوتابخانەکان | AA4: ژمارەی لێژنەکانی بەشداریکردووە | AB4: ژمارەی ئەو کۆڕو سیمیناری کە خۆی ئەنجامیداوە | AC4: ژمارەی ئامادەبوونی لە وانەی مامۆستای ڕاهێنەر | AD4: ژمارەی چاڵاکی جۆراوجۆری کە ئەنجامی داوە
D5: قوتابخانانەى لە | H5: لە پلاندان بۆ سەردانيكردن | L5: بۆ قوتابخانەكان
D6: ئەستۆيەتى | H6: لەم مانگە | L6: لەم مانگە
D7: پسپۆرى | E7: سەرپەرشتیاری پەروەردەیی | F7: هەڵسەنگاندنى دەرەكى | G7: كۆ | H7: پسپۆرى | I7: سەرپەرشتیاری پەروەردەیی | J7: هەڵسەنگاندنى دەرەكى | K7: كۆ | L7: پسپۆرى | M7: سەرپەرشتیاری پەروەردەیی | N7: هەڵسەنگاندنى دەرەكى | O7: هەر سەردانێكى ترى فەرمى | P7: كۆ
A8: 1 | B8: مظفر حيدر مولود | C8: =سەرەتا!B2 -> کۆمپیوتەر | E8: =س١!A35 -> 5 | F8: =س١!B35 -> 0 | G8: =SUM(D8:F8) -> 5 | I8: =س٢!D38 -> 4 | J8: =س٢!E38 -> 3 | K8: =SUM(H8:J8) -> 7 | M8: =س٢!G38 -> 4 | N8: =س٢!H38 -> 3 | P8: =SUM(L8:N8) -> 7 | Q8: =سەرەتا!D5 -> 5 | AA8: 1
A9: 2 | B9: عبدالصمد محمد على | C9: =سەرەتا!B2 -> کۆمپیوتەر | E9: =س٢!A38 -> 5 | F9: =س٢!B38 -> 15 | G9: =SUM(D9:F9) -> 20 | I9: =س٣!D37 -> 5 | K9: 5 | P9: =SUM(L9:N9) -> 0 | Q9: =سەرەتا!D6 -> 4 | AA9: 0
A10: 3 | B10: خالد ابراهيم رحيم | C10: =سەرەتا!B2 -> کۆمپیوتەر | E10: =س٣!A37 -> 5 | F10: =س٣!B37 -> 0 | G10: =SUM(D10:F10) -> 5 | I10: 5 | J10: =س٣!E37 -> 0 | K10: =SUM(H10:J10) -> 5 | M10: =س٣!G37 -> 5 | N10: =س٣!H37 -> 0 | O10: =س٣!I37 -> 0 | P10: =SUM(L10:N10) -> 5 | Q10: =سەرەتا!D7 -> 3 | AA10: 0
A11: 4 | B11: بەرخەوان عثمان امين | C11: =سەرەتا!B2 -> کۆمپیوتەر | E11: =س٤!A35 -> 5 | F11: =س٤!B35 -> 15 | G11: =SUM(D11:F11) -> 20 | I11: =س٤!D35 -> 4 | J11: =س٤!E35 -> 3 | K11: =SUM(H11:J11) -> 7 | M11: =س٤!G35 -> 4 | N11: =س٤!H35 -> 3 | O11: =س٤!I35 -> 0 | P11: =SUM(L11:N11) -> 7 | Q11: =سەرەتا!D8 -> 5 | AA11: 1
A12: کۆى گشتى | D12: =SUM(D8:D11) -> 0 | E12: =SUM(E8:E11) -> 20 | F12: =SUM(F8:F11) -> 30 | G12: =SUM(G8:G11) -> 50 | H12: =SUM(H8:H11) -> 0 | I12: =SUM(I8:I11) -> 18 | J12: =SUM(J8:J11) -> 6 | K12: =SUM(K8:K11) -> 24 | ... AD12: =SUM(AD8:AD11) -> 0
V15: بەرپرسی بەش
V17: =سەرەتا!F2 -> خالد ابراهیم
